{
  "0": {
    "precision": 0.6080402010050251,
    "recall": 0.8642857142857143,
    "f1-score": 0.7138643067846607,
    "support": 140.0
  },
  "1": {
    "precision": 0.7816091954022989,
    "recall": 0.4657534246575342,
    "f1-score": 0.5836909871244635,
    "support": 146.0
  },
  "accuracy": 0.6608391608391608,
  "macro avg": {
    "precision": 0.694824698203662,
    "recall": 0.6650195694716243,
    "f1-score": 0.6487776469545621,
    "support": 286.0
  },
  "weighted avg": {
    "precision": 0.6966453519910459,
    "recall": 0.6608391608391608,
    "f1-score": 0.6474121925525321,
    "support": 286.0
  }
}